<?xml version="1.0" encoding="UTF-8"?>
<metadata>
  <idinfo>
    <citation>
      <citeinfo>
        <origin/>
        <origin/>
        <pubdate>20151101</pubdate>
        <title>Second-level Administrative Divisions, Turkey, 2015</title>
        <edition>2.8</edition>
        <geoform>vector digital data</geoform>
        <pubinfo>
          <pubplace/>
          <publish>University of California, Berkeley. Museum of Vertebrate Zoology</publish>
        </pubinfo>
        <othercit>These data were retrieved from &lt;&lt;http://www.gadm.org&gt;&gt; on December 1, 2017.</othercit>
        <onlink>http://purl.stanford.edu/nj696zj1674</onlink>
        <lworkcit>
          <citeinfo>
            <title>Global administrative areas</title>
          </citeinfo>
        </lworkcit>
      </citeinfo>
    </citation>
    <descript>
      <abstract>This polygon shapefile contains the second-level administrative divisions of Turkey (adm2). Level 2 divisions include districts. This layer is part of the Global Administrative Areas 2015 (v2.8) dataset.</abstract>
    </descript>
    <status>
      <progress>Complete</progress>
      <update>Unknown</update>
    </status>
    <spdom>
      <bounding>
        <westbc>25.665136</westbc>
        <eastbc>44.834988</eastbc>
        <northbc>42.106655</northbc>
        <southbc>35.815426</southbc>
      </bounding>
    </spdom>
    <keywords>
      <theme>
        <themekt>lcsh</themekt>
        <themekey>Administrative and political divisions</themekey>
      </theme>
      <theme>
        <themekt>ISO 19115 Topic Categories</themekt>
        <themekey>boundaries</themekey>
      </theme>
      <place>
        <placekt>geonames</placekt>
        <placekey>Turkey</placekey>
      </place>
    </keywords>
    <accconst>Attribution 3.0 Unported. You must give appropriate credit, provide a link to the license, and indicate if changes were made. You may do so in any reasonable manner, but not in any way that suggests the licensor endorses you or your use.</accconst>
    <useconst>None</useconst>
    <ptcontac>
      <cntinfo>
        <cntorgp>
          <cntorg>University of Minnesota. Institute on the Environment</cntorg>
        </cntorgp>
        <cntaddr>
          <addrtype>unknown</addrtype>
          <city>St. Paul</city>
          <state>MN</state>
          <country>US</country>
        </cntaddr>
        <cntemail>earthstat.data@gmail.com</cntemail>
      </cntinfo>
    </ptcontac>
    <datacred>Hijmans, R. and University of California, Berkeley, Museum of Vertebrate Zoology. (2015). Second-level Administrative Divisions, Turkey, 2015. UC Berkeley, Museum of Vertebrate Zoology. Available at: http://purl.stanford.edu/nj696zj1674</datacred>
    <native> Version 6.2 (Build 9200) ; Esri ArcGIS 10.4.1.5686</native>
  </idinfo>
  <spdoinfo>
    <direct>Vector</direct>
    <ptvctinf>
      <sdtsterm>
        <sdtstype>GT-polygon composed of chains</sdtstype>
        <ptvctcnt>928</ptvctcnt>
      </sdtsterm>
    </ptvctinf>
  </spdoinfo>
  <eainfo>
    <detailed>
      <enttyp>
        <enttypl>TUR_adm2</enttypl>
      </enttyp>
      <attr>
        <attrlabl>FID</attrlabl>
        <attrdef>Internal feature number.</attrdef>
        <attrdefs>Esri</attrdefs>
        <attrdomv>
          <udom>Sequential unique whole numbers that are automatically generated.</udom>
        </attrdomv>
      </attr>
      <attr>
        <attrlabl>Shape</attrlabl>
        <attrdef>Feature geometry.</attrdef>
        <attrdefs>Esri</attrdefs>
        <attrdomv>
          <udom>Coordinates defining the features.</udom>
        </attrdomv>
      </attr>
      <attr>
        <attrlabl>ID_0</attrlabl>
      </attr>
      <attr>
        <attrlabl>ISO</attrlabl>
      </attr>
      <attr>
        <attrlabl>NAME_0</attrlabl>
      </attr>
      <attr>
        <attrlabl>ID_1</attrlabl>
      </attr>
      <attr>
        <attrlabl>NAME_1</attrlabl>
      </attr>
      <attr>
        <attrlabl>ID_2</attrlabl>
      </attr>
      <attr>
        <attrlabl>NAME_2</attrlabl>
      </attr>
      <attr>
        <attrlabl>HASC_2</attrlabl>
      </attr>
      <attr>
        <attrlabl>CCN_2</attrlabl>
      </attr>
      <attr>
        <attrlabl>CCA_2</attrlabl>
      </attr>
      <attr>
        <attrlabl>TYPE_2</attrlabl>
      </attr>
      <attr>
        <attrlabl>ENGTYPE_2</attrlabl>
      </attr>
      <attr>
        <attrlabl>NL_NAME_2</attrlabl>
      </attr>
      <attr>
        <attrlabl>VARNAME_2</attrlabl>
      </attr>
    </detailed>
  </eainfo>
  <distinfo>
    <distrib>
      <cntinfo>
        <cntorgp>
          <cntorg>Stanford Geospatial Center</cntorg>
        </cntorgp>
        <cntaddr>
          <addrtype>mailing and physical</addrtype>
          <address>Mitchell Bldg. 2nd floor</address>
          <address>397 Panama Mall</address>
          <city>Stanford</city>
          <state>California</state>
          <postal>94305</postal>
          <country>US</country>
        </cntaddr>
        <cntvoice>650-723-2746</cntvoice>
        <cntemail>brannerlibrary@stanford.edu</cntemail>
      </cntinfo>
    </distrib>
    <distliab>See access and use constraints information.</distliab>
  </distinfo>
  <metainfo>
    <metd>20180127</metd>
    <metc>
      <cntinfo>
        <cntorgp>
          <cntorg>Stanford Geospatial Center</cntorg>
        </cntorgp>
        <cntaddr>
          <addrtype>mailing and physical</addrtype>
          <address>Mitchell Bldg. 2nd floor</address>
          <address>397 Panama Mall</address>
          <city>Stanford</city>
          <state>California</state>
          <postal>94305</postal>
          <country>US</country>
        </cntaddr>
        <cntvoice>650-723-2746</cntvoice>
        <cntemail>brannerlibrary@stanford.edu</cntemail>
      </cntinfo>
    </metc>
    <metstdn>FGDC Content Standard for Digital Geospatial Metadata</metstdn>
    <metstdv>FGDC-STD-001-1998</metstdv>
    <mettc>local time</mettc>
  </metainfo>
</metadata>
